-- 用户User
INSERT INTO web.user (user, password, date, level, name, introduce, email, head, promise, exp, signcontinuous) VALUES ('123456', '123456', '1000-01-01', 2, '新用户BAE846', '123456', '123456@163.com', 'null.png', 10, 250, 0);
INSERT INTO web.user (user, password, date, level, name, introduce, email, head, promise, exp, signcontinuous) VALUES ('1322621134', '123456', '2023-06-06', 12, '新用户19429Q', '', '1322621134@qq.com', 'null.jpg', 0, 100, 0);
INSERT INTO web.user (user, password, date, level, name, introduce, email, head, promise, exp, signcontinuous) VALUES ('admin', 'admin', '0000-00-00', 3, '管理员', '我是管理员!

aa', 'admin@sf.com', 'admin.jpg', 100, 964, 2);
INSERT INTO web.user (user, password, date, level, name, introduce, email, head, promise, exp, signcontinuous) VALUES ('asd', 'asd', '1000-01-01', 1, 'asd', 'asdasd', 'asd@asd.com', 'null.png', 10, 148, 0);
INSERT INTO web.user (user, password, date, level, name, introduce, email, head, promise, exp, signcontinuous) VALUES ('qwe', '123456', '0000-00-00', 1, 'qwenba', '我叫qwe，一个用户a', '123@qq.com', 'qwe.jpg', 10, 122, 0);

-- 主题topic
INSERT INTO web.topic (id, icon, label, title, user, date, comment, view, label_href, titlename, titleenglishname, source, version, language, address, download, content, authorname, username, userhead, userinformation) VALUES (1, 'skyblock.png', '服务端', '[1.8.x-1.9.x][Spigot]StarFall空岛生存>巨大更新[物品扩展|粘液科技]', 'admin', '2023-09-19', 1, 100, 'serve', 'StarFall空岛生存', 'StarFall-Skyblock', '原创', '1.8.x-1.9.x', '简体中文', 'https://www.mcbbs.net/thread-792740-1-1.html', 'http://某.盘.com', '# <center>?️<font color="darkblue">星辰倾城</font>-<font color="darkcyan">空岛生存</font>?️</center>
# <center><font color="darkblue">StarFall</font>-<font color="darkcyan">skyblock</font></center>

* * *

> ## <center>✉️介绍✉️</center>
<center><font color="darkred"><font size="4">

> **重大更新**

</font></font></center>

> <font color="green"><font size="2"><center>1.9版本更新换代,插件重整,共53个模组,更加流畅,少报错,启动快,完全启动只需15-20秒[虽然看起来有点慢,可是可以进服了]</center></font></font>

> <font color="green"><font size="2"><center>总体来说这次更新是大更新,加了扩展,不仅只有粘液科技啦！</center></font></font>

> <font color="darkred"><font size="2"><center>PS:本服务端已经做好标记,请不要随意改端后发出,否则后果自负</center></font></font>

> <font color="darkred"><font size="2"><center>最后,请自行将ceshi ban了,或者删除,ID密码为888888</center></font></font>

* * *

> ## <center>?开服证明?</center>
![可输入文字](https://attachment.mcbbs.net/data/myattachment/forum/202008/29/224619um2nanm22li22wzw.png.thumb.jpg)

* * *

> ## <center>⬇️下载⬇️</center>
<center>

>[UC](https://www.mcbbs.net/plugin.php?id=link_redirect&target=https%3A%2F%2Fwww.yun.cn%2Fs%2F0b98e12098fb41a6a72919a96101fe6c):IH2S====[坚果云](https://www.mcbbs.net/plugin.php?id=link_redirect&target=https%3A%2F%2Fwww.jianguoyun.com%2Fp%2FDS_j64UQg-zgCBjHm7kD):starfall====[微云](https://www.mcbbs.net/plugin.php?id=link_redirect&target=https%3A%2F%2Fshare.weiyun.com%2F2XfKdZIl):SFSKYB====[天翼](https://www.mcbbs.net/plugin.php?id=link_redirect&target=https%3A%2F%2Fcloud.189.cn%2Ft%2FuiqaeavEnUbi):3kqz====[百度网盘](https://www.mcbbs.net/plugin.php?id=link_redirect&target=https%3A%2F%2Fstarfalls.lanzous.com%2Fb00nvca2j):SFSB
>[蓝奏云](https://www.mcbbs.net/plugin.php?id=link_redirect&target=https%3A%2F%2Fstarfalls.lanzous.com%2Fb00nvca2j):sfsb====[115](https://www.mcbbs.net/plugin.php?id=link_redirect&target=https%3A%2F%2F115.com%2Fs%2Fsw3tsjr3hc9):ne89

</center>

* * *

> ## <center>❓Q&A❗</center>
**<font color="red">Q：服务端可以用作服务器吗？</font>**
<font color="green">A：可以,但是要注明作者！</font>

><font color="red">Q：菜单的配置可以用吗？</font>
<font color="green">A：可以,可以不用注明作者！</font>

><font color="red">Q：地图可以拿走吗？</font>
<font color="green">A：建议去原贴拿！[正在找地图原贴]</font>
', 'TuringICE', '管理员', 'admin.jpg', '我是管理员!

aa');
INSERT INTO web.topic (id, icon, label, title, user, date, comment, view, label_href, titlename, titleenglishname, source, version, language, address, download, content, authorname, username, userhead, userinformation) VALUES (2, 'package.jpg', '客户端', '[1.12.2-1.8][低配福利]骐的整合---纯净基础整合[持续更新]', 'admin', '2023-07-04', 8, 100, 'Client', '骐的整合', 'Integration of Qi', '原创', '1.12.2-1.8', '简体中文', 'https://www.mcbbs.net/thread-1126142-1-1.html', 'https://www.mcbbs.net/thread-1126142-1-1.html', '# 骐的整合

#### 1.骐的整合☺
骐的整合
无mybatis，没学

#### 2.骐的整合☺
骐的整合
基于ssm框架，但是没mybatis

#### 3.安装教程☺

1.  安装配置MySQL 5.5以上数据库系统
2.  连接数据库,创建 login_web 数据库导入doc/web_user

#### 4.骐的整合☺

1. 下载tomcat8以上版本
配置tomcat，方可运行
', '作者', '管理员', 'admin.jpg', '我是管理员!

aa');
INSERT INTO web.topic (id, icon, label, title, user, date, comment, view, label_href, titlename, titleenglishname, source, version, language, address, download, content, authorname, username, userhead, userinformation) VALUES (3, 'bedwars.png', '服务端', '[1.8.x][Spigot]星辰倾城-起床战争服务端', 'admin', '2023-07-02', 3, 100, 'serve', '星辰倾城-起床战争服务端', 'StarFall-BedWard', '原创', '1.8.x', '简体中文', 'https://www.mcbbs.net/thread-773917-1-1.html', 'http://www.本贴.com', '# 星辰倾城-起床战争服务端

#### 1.星辰倾城-起床战争服务端☺
星辰倾城-起床战争服务端
无mybatis，没学

#### 2.星辰倾城-起床战争服务端☺
星辰倾城-起床战争服务端
基于ssm框架，但是没mybatis

#### 3.安装教程☺

1.  安装配置MySQL 5.5以上数据库系统
2.  连接数据库,创建 login_web 数据库导入doc/web_user

#### 4.星辰倾城-起床战争服务端☺

1. 星辰倾城-起床战争服务端
配置tomcat，方可运行
', '作者', '管理员', 'admin.jpg', '我是管理员!

aa');
INSERT INTO web.topic (id, icon, label, title, user, date, comment, view, label_href, titlename, titleenglishname, source, version, language, address, download, content, authorname, username, userhead, userinformation) VALUES (4, 'TheUndeadWar.jpg', '视频', '[冰骐解说]我的世界|亡灵战争', 'admin', '2023-09-19', 6, 100, 'video', '我的世界|亡灵战争', 'Minecraft|War of the Undead', '原创', '1.6', '简体中文', 'https://www.mcbbs.net/thread-878770-1-1.html', 'https://www.mcbbs.net/thread-878770-1-1.html', '![可输入文字](https://attachment.mcbbs.net/data/myattachment/forum/201906/29/183141q25r7p7i2zgreqd2.jpg.thumb.jpg)
# <font color="darkblue"><center>[冰骐解说]我的世界|亡灵战争系列</center></font>
* * *
### <center><font color="green">爱奇艺</font></center>
第一集:[点我](https://www.iqiyi.com%2Fv_19rseaqzv4.html%23vfrm%3D8-8-0-1)
第二集:[点我](https://www.iqiyi.com%2Fv_19rsev8now.html%23vfrm%3D8-8-0-1)
~~第三集:点我[上传中]~~


* * *
### <center><font color="blue">优酷</font></center>

[第一集](https://player.youku.com/embed/XNDI0NTkzNTk0MA==)
[第二集](https://player.youku.com/embed/XNDI0NTkzNTk0MA==)
[第三集](https://player.youku.com/embed/XNDI1MTI2MDg1Mg==)

* * *
### <center><font color="orange">虎牙</font></center>


第一集:[点我](https://v.huya.com%2Fplay%2F175958297.html)
第二集:[点我](https://v.huya.com%2Fplay%2F176468657.html)
~~第三集:点我[未上传]~~


* * *
### <center><font color="lightblue">bilibili</font></center>

[第一集](https://www.bilibili.com/video/BV1Ex411X7BZ?t=14.3)
[第二集](https://www.bilibili.com/video/BV1Ex411X7y7?t=22.4)
[第三集](https://www.bilibili.com/video/BV1hx411X77f?t=28.9)

* * *

**<font size="5"><font color="darkred"><center>记得点关注</center></font></font>**
<center>Q:1322621134    微博:冰骐BQIT    粉丝群:466252736</center>

地图下载地址:<a href="http://www.mcbbs.net/thread-467098-1-1.html">点</a>

有啥做的不好的可以在下面来评论哦！
<font size="2">这，真是我见过的，最美的早晨。终于，我们迎来了短暂的和平。但，我的使命，仅仅完成了一半。</font>
<div style="float:right;"><font size="2">——布莱克</font></div>
', 'TuringICE', '管理员', 'admin.jpg', '我是管理员!

aa');
INSERT INTO web.topic (id, icon, label, title, user, date, comment, view, label_href, titlename, titleenglishname, source, version, language, address, download, content, authorname, username, userhead, userinformation) VALUES (5, 'Double.png', '视频', '[冰骐]Minecraft双人默契大挑战——两位初三的帅[dou]气[bi]解密', 'admin', '2023-06-14', 6, 100, 'video', '双人默契大挑战', 'The Great Challenge of Mutual Understanding', '原创', '无', '简体中文', 'https://www.mcbbs.net/thread-812503-1-1.html', 'https://www.mcbbs.net/thread-812503-1-1.html', '1', '作者', '管理员', 'admin.jpg', '我是管理员!

aa');
INSERT INTO web.topic (id, icon, label, title, user, date, comment, view, label_href, titlename, titleenglishname, source, version, language, address, download, content, authorname, username, userhead, userinformation) VALUES (7, 'healthPlug_in.png', '插件', '[信息]BeautyIndicator——轻量级的显血插件[1.8-1.12] [接权搬运]', 'admin', '2023-09-16', 3, 100, 'plug_in', '轻量级的显血', 'BeautyIndicator', '搬运', '1.8-1.12', '简体中文|English', 'https://www.spigotmc.org/resources/beautyindicator-entity-health-in-combat.57546/', 'https://www.spigotmc.org/resources/beautyindicator-entity-health-in-combat.57546/download?version=225018/SupportTheAuthor', '# <center><font color="darkblue">Beauty</font><font color="purple">Indicator</font></center>
# <center><font color="darkblue">显血</font></center>

* * *

> ### <center>简介</center>
> <center>简单且完全可自定义的显血插件,并且轻量级哦[可配置].</center>
> <center>这个插件的配置绝对连小白腐竹都会</center>

* * *
> ### <center>展示截图</center>
![可输入文字](https://www.spigotmc.org/attachments/chrome_2018-06-12_03-19-48-png.348027/)

* * *

> ### <center>指令&权限</center>
<table>
<tr>
<th>指令</th>
<th>详细</th>
<th>权限</th>
</tr>
<tr>
<td><center><font color="green">/beautyindicator</font></center></td>
<td><center>重新加载插件配置</center></td>
<td><center><font color="red">beautyindicator.reload</font></center></td>
</tr>
</table>

> <font size="1"><center>指令就这一个[果然真是轻量级的,牛]</center></font>

* * *

> ### <center>配置</center>
[<center>下载</center>](https://www.mcbbs.net/forum.php?mod=attachment&aid=MTIwODQxM3wwY2M2NmFhNXwxNjk0ODYzMTE2fDE1NjQ2NjV8Nzk4MjY0)

* * *

> ### <center>下载</center>
[<center>原贴</center>](https://www.spigotmc.org/resources/beautyindicator-entity-health-in-combat.57546/)[<center>下载</center>](https://www.spigotmc.org/resources/beautyindicator-entity-health-in-combat.57546/download?version=225018/SupportTheAuthor)

* * *

> ### <center>转载证明</center>
![可输入文字](https://attachment.mcbbs.net/data/myattachment/forum/201806/08/234137bnnykiuyjh3zneyn.jpg.thumb.jpg)
', 'haelexuis', '管理员', 'admin.jpg', '我是管理员!

aa');
INSERT INTO web.topic (id, icon, label, title, user, date, comment, view, label_href, titlename, titleenglishname, source, version, language, address, download, content, authorname, username, userhead, userinformation) VALUES (8, 'imgPlug_in.png', '插件', '[娱乐|信息][StarMC]Powder——通过粒子来显示图像！[1.12][接权搬运]', 'admin', '2023-09-19', 1, 100, 'plug_in', '粒子图像', 'Powder', '搬运', '1.12', '简体中文|English', 'https://www.spigotmc.org/resources/powder.57227/', 'https://www.spigotmc.org/resources/powder.57227/download?version=224643', '**<font size="7"><center><font color="darkgoldenrod">P</font><font color="green">o</font><font color="purple">w</font><font color="red">d</font><font color="darkcyan">e</font>r</center></font>**
<center><font size="5"><font color="green">粒</font><font color="purple">子</font><font color="orange">图</font><font color="darkcyan">像</font></font></center>

* * *

> ### <center><font color="purple">简介</font></center>
<table>
<tr>
<td style="width:150px">
Powder是一个Spigot插件[谁都知道啦!]，它利用粒子和声音效果来实现自定义的图片和动画.
</td>
<td>
Powder可以作为子插件来使用[比如SimplePets&LibsDisguises]，可以用来代替全息[比如HolographicDisplays]，还可以用来装饰世界服务器.Powder效果在Powders.yml文件中创建，可以使用声音和粒子。可以导入图像来创建Powder，注意可以导入歌曲到Block Studio文件以创建歌曲
</td>
<td style="width:360px">
<font color="green">无限制地创建Powder中的动画</font>

<font color="purple">可改变动画的旋转/声音</font>

<font color="green">在游戏中使用任何声音或粒子</font>

<font color="purple">允许Powder跟随玩家的方向</font>

<font color="green">改变Powder粒子之间的间距</font>

<font color="purple">Powder可跟随到玩家和实体</font>

<font color="green">可添加到指定位置[在配置文件里,详情WIKI]</font>

<font color="purple">MySQL-允许在服务器注销和登录后使用Powders</font>

<font color="green">可从URL或本地文件中导入图片来创建Powder</font>

<font color="purple">在某个Powder中,将音乐添加到Powder中时,可以使粒子可以以歌曲的旋律&节拍出现</font>
</td>
</tr>
</table>

![可输入文字](https://proxy.spigotmc.org/1a5063caa97af1b01980448f8de68ec4fb8b69a1?url=https%3A%2F%2Fi.imgur.com%2F24nIC2r.png)

* * *

> ### <center><font color="purple">指令&权限</font></center>
<table>
<tr>
<td>
/powder
主指令
</td>
<td>
/powder help
查看帮助
</td>
<td>
/powder list
查看所有的Powder
</td>
<td>
/powder search
搜索创建过的Powder
</td>
<td>
/powder nearby
[理解中……]
</td>
<td style="width:130px">
/powder reload
重新加载
</td>
</tr>
</table>

* * *

> ### <center><font color="darkbule">权限&使用方法</font></center>
[<center>WIKI</center>](https://github.com/Ruinscraft/Powder/wiki/Commands-and-permissions)

* * *

> ### <center><font color="purple">原帖&下载</font></center>
[<center>原帖</center>](https://www.spigotmc.org/resources/powder.57227/)[<center>下载</center>](https://www.spigotmc.org/resources/powder.57227/download?version=224643)




', 'StupidDr', '管理员', 'admin.jpg', '我是管理员!

aa');
INSERT INTO web.topic (id, icon, label, title, user, date, comment, view, label_href, titlename, titleenglishname, source, version, language, address, download, content, authorname, username, userhead, userinformation) VALUES (9, 'SkillAPIArticle.png', '文章', 'SkillAPI教程and案例——来自定义职业吧！', 'admin', '2023-09-19', 8, 100, 'article', 'SkillAPI教程and案例——来自定义职业吧！', 'SkillAPI Tutorial and Case Study - Customize Your Career!', '原创', '无', '简体中文', 'https://www.mcbbs.net/thread-809466-1-1.html', 'https://www.mcbbs.net/thread-809466-1-1.html', '# <center><font color="darkblue">Skill</font><font color="darkred">API</font></center>
# <center><font color="darkgreen">教程</font></center>

* * *

> [<center>SkillAPI编辑器[中文]</center>](https://www.mcbbs.net/plugin.php?id=link_redirect&target=https%3A%2F%2Fantarctics.github.io%2FSkillAPI%2F)[<center>SkillAPI官方编辑器[英文]</center>](https://www.mcbbs.net/plugin.php?id=link_redirect&target=http%3A%2F%2Feniripsa96.github.io%2FSkillAPI%2F)
> <center>|看得懂用这个,看不懂...|</center>

> [<center>经验换算器</center>](https://www.mcbbs.net/plugin.php?id=link_redirect&target=https%3A%2F%2Fantarctics.github.io%2FSkillAPI%2Fexp.html%2F)


* * *
> ### <center>SkillAPI插件介绍及下载帖</center>
<center>

> [[HAYO Studio]](http://www.mcbbs.net/thread-314419-1-1.html)
and
[[狗屎君]](http://www.mcbbs.net/thread-804492-1-1.html)

</center>

* * *

> ### <center>视频</center>
[<center>跳转</center>](https://www.bilibili.com/video/av28044290?t=86.2)
* * *

> ### <center>其他</center>
<font size="1"><center>因为我要进入初三了
学业繁忙
这个帖子和视频有什么问题直接在下面评论就行了
还有什么不明白的加我Q:1322621134
虽然我也不是很懂
听不懂,找别人吧！</center></font>', 'TuringICE', '管理员', 'admin.jpg', '我是管理员!

aa');
INSERT INTO web.topic (id, icon, label, title, user, date, comment, view, label_href, titlename, titleenglishname, source, version, language, address, download, content, authorname, username, userhead, userinformation) VALUES (10, 'ElectricityPlug_in.jpg', '插件', '[娱乐|机制]Advanced Electricity——高科技电力[接权搬运][1.10-1.12]', 'admin', '2023-07-03', 9, 100, 'plug_in', '高科技电力', 'Advanced Electricity', '搬运', '1.10-1.12', '简体中文|English', 'https://www.spigotmc.org/resources/advanced-electricity.56514/', 'https://www.spigotmc.org/resources/advanced-electricity.56514/download?version=221252', '1', '作者', '管理员', 'admin.jpg', '我是管理员!

aa');
INSERT INTO web.topic (id, icon, label, title, user, date, comment, view, label_href, titlename, titleenglishname, source, version, language, address, download, content, authorname, username, userhead, userinformation) VALUES (11, 'MaintenancePlug_in.jpg', '插件', '[管理|信息][StarMC]MaintenanceMode-维护模式[接权搬运][1.8-1.12]', 'admin', '2023-09-19', 4, 100, 'plug_in', '维护模式', 'MaintenanceMode', '搬运', '1.8-1.12', '简体中文|English', 'https://www.spigotmc.org/resources/maintenancemode-bungee-and-spigot-support.40699/', 'https://www.spigotmc.org/resources/maintenancemode-bungee-and-spigot-support.40699/download?version=217708', '<center><font size="7"><font color="darkred">MaintenanceMode</font></font>

<font size="6"><font color="red">维护模式</font></font></center>

> ### **<font color="purple"><center>介绍</center></font>**
><center><font size="2" color="darkgoldenrod">这个插件可以让BungeeCord.Spigot.Bukkit服务器进入维护模式，可以禁止玩家加入服务器。
您可以选择要维护多长时间或启动一个计时器</font></center>
><center><font size="2" color="darkgoldenrod">消息是可定义的，因此您可以自定义在线玩家数[可随意更改]和服务器图标[将图片放在插件文件中，并且改为</font></center>

* * *

> ### **<font color="purple"><center>指令|权限</center></font>**
/ maintenance <on / off>[想要设置维护模式的状态]
/maintenance reload[可让您在服务器运行时重新加载配置文件]
/ maintenace <add / remove> <玩家>[允许特定玩家加入服务器，即使启用了维护]
/maintenance whitelist[返回维护白名单上所有玩家的列表]
/maintenance timer starttimer <时间分钟>[时间到后启用维护模式]
/ maintenance timer endtimer <时间分钟>[在设定的时间中,时间到了,它会结束维护模式]
/ maintenance update[更新插件]

>权限
maintenance.admin - 使用上面列出的维护指令
maintenance.reload - 使用“/ maintenance reload”指令
maintenance.bypass - 让您绕过维护模式
maintenance.joinnotification - 如果启用：如果玩家在启用维护的情况下尝试加入服务器，则向您发送通知

* * *

> ### **<font color="purple"><center>下载</center></font>**
>[<center>原贴</center>](https://www.spigotmc.org/resources/maintenancemode-bungee-and-spigot-support.40699/)[<center>下载</center>](https://www.spigotmc.org/resources/maintenancemode-bungee-and-spigot-support.40699/download?version=217708)

* * *

![转载](https://attachment.mcbbs.net/data/myattachment/forum/201804/22/210650a401snzru10rc2rr.jpg.thumb.jpg)', 'kennytv', '管理员', 'admin.jpg', '我是管理员!

aa');
INSERT INTO web.topic (id, icon, label, title, user, date, comment, view, label_href, titlename, titleenglishname, source, version, language, address, download, content, authorname, username, userhead, userinformation) VALUES (12, 'LanguageBarrierBreakerPlug_in.jpg', '插件', '[信息]Language Barrier Breaker-多种语言[接权搬运][1.8-1.12] ', 'admin', '2023-07-05', 2, 100, 'plug_in', '多种语言', 'Language Barrier Breaker', '搬运', '1.8-1.12', '简体中文|English', 'https://www.spigotmc.org/resources/rosetta-stone-language-barrier-breaker.55570/', 'https://www.spigotmc.org/resources/rosetta-stone-language-barrier-breaker.55570/download?version=217291', '1', '作者', '管理员', 'admin.jpg', '我是管理员!

aa');

INSERT INTO web.topic (id, icon, label, title, user, date, comment, view, label_href, titlename, titleenglishname, source, version, language, address, download, content, authorname, username, userhead, userinformation) VALUES (4, 'TheUndeadWar.jpg', '视频', '[冰骐解说]我的世界|亡灵战争', 'Turing_ICE', '2023-07-20', 6, 100, 'video', '我的世界|亡灵战争', 'Minecraft|War of the Undead', '原创', '1.6', '简体中文', 'https://www.mcbbs.net/thread-878770-1-1.html', 'https://www.mcbbs.net/thread-878770-1-1.html', null, null, null, null, null);
INSERT INTO web.topic (id, icon, label, title, user, date, comment, view, label_href, titlename, titleenglishname, source, version, language, address, download, content, authorname, username, userhead, userinformation) VALUES (5, 'Double.png', '视频', '[冰骐]Minecraft双人默契大挑战——两位初三的帅[dou]气[bi]解密', 'Turing_ICE', '2023-06-14', 6, 100, 'video', '双人默契大挑战', 'The Great Challenge of Mutual Understanding', '原创', '无', '简体中文', 'https://www.mcbbs.net/thread-812503-1-1.html', 'https://www.mcbbs.net/thread-812503-1-1.html', null, null, null, null, null);
INSERT INTO web.topic (id, icon, label, title, user, date, comment, view, label_href, titlename, titleenglishname, source, version, language, address, download, content, authorname, username, userhead, userinformation) VALUES (7, 'healthPlug_in.png', '插件', '[信息]BeautyIndicator——轻量级的显血插件[1.8-1.12] [接权搬运]', 'Turing_ICE', '2023-07-11', 3, 100, 'plug_in', '轻量级的显血', 'BeautyIndicator', '搬运', '1.8-1.12', '简体中文|English', 'https://www.spigotmc.org/resources/beautyindicator-entity-health-in-combat.57546/', 'https://www.spigotmc.org/resources/beautyindicator-entity-health-in-combat.57546/download?version=225018/SupportTheAuthor', null, null, null, null, null);
INSERT INTO web.topic (id, icon, label, title, user, date, comment, view, label_href, titlename, titleenglishname, source, version, language, address, download, content, authorname, username, userhead, userinformation) VALUES (8, 'imgPlug_in.png', '插件', '[娱乐|信息][StarMC]Powder——通过粒子来显示图像！[1.12][接权搬运]', 'Turing_ICE', '2023-07-06', 1, 100, 'plug_in', '粒子图像', 'Powder', '搬运', '1.12', '简体中文|English', 'https://www.spigotmc.org/resources/powder.57227/', 'https://www.spigotmc.org/resources/powder.57227/download?version=224643', null, null, null, null, null);
INSERT INTO web.topic (id, icon, label, title, user, date, comment, view, label_href, titlename, titleenglishname, source, version, language, address, download, content, authorname, username, userhead, userinformation) VALUES (9, 'SkillAPIArticle.png', '文章', 'SkillAPI教程and案例——来自定义职业吧！', 'Turing_ICE', '2023-07-08', 8, 100, 'article', 'SkillAPI教程and案例——来自定义职业吧！', 'SkillAPI Tutorial and Case Study - Customize Your Career!', '原创', '无', '简体中文', 'https://www.mcbbs.net/thread-809466-1-1.html', 'https://www.mcbbs.net/thread-809466-1-1.html', null, null, null, null, null);
INSERT INTO web.topic (id, icon, label, title, user, date, comment, view, label_href, titlename, titleenglishname, source, version, language, address, download, content, authorname, username, userhead, userinformation) VALUES (10, 'ElectricityPlug_in.jpg', '插件', '[娱乐|机制]Advanced Electricity——高科技电力[接权搬运][1.10-1.12]', 'Turing_ICE', '2023-07-03', 9, 100, 'plug_in', '高科技电力', 'Advanced Electricity', '搬运', '1.10-1.12', '简体中文|English', 'https://www.spigotmc.org/resources/advanced-electricity.56514/', 'https://www.spigotmc.org/resources/advanced-electricity.56514/download?version=221252', null, null, null, null, null);
INSERT INTO web.topic (id, icon, label, title, user, date, comment, view, label_href, titlename, titleenglishname, source, version, language, address, download, content, authorname, username, userhead, userinformation) VALUES (11, 'MaintenancePlug_in.jpg', '插件', '[管理|信息][StarMC]MaintenanceMode-维护模式[接权搬运][1.8-1.12]', 'Turing_ICE', '2023-07-06', 4, 100, 'plug_in', '维护模式', 'MaintenanceMode', '搬运', '1.8-1.12', '简体中文|English', 'https://www.spigotmc.org/resources/maintenancemode-bungee-and-spigot-support.40699/', 'https://www.spigotmc.org/resources/maintenancemode-bungee-and-spigot-support.40699/download?version=217708', null, null, null, null, null);
INSERT INTO web.topic (id, icon, label, title, user, date, comment, view, label_href, titlename, titleenglishname, source, version, language, address, download, content, authorname, username, userhead, userinformation) VALUES (12, 'LanguageBarrierBreakerPlug_in.jpg', '插件', '[信息]Language Barrier Breaker-多种语言[接权搬运][1.8-1.12] ', 'Turing_ICE', '2023-07-05', 2, 100, 'plug_in', '多种语言', 'Language Barrier Breaker', '搬运', '1.8-1.12', '简体中文|English', 'https://www.spigotmc.org/resources/rosetta-stone-language-barrier-breaker.55570/', 'https://www.spigotmc.org/resources/rosetta-stone-language-barrier-breaker.55570/download?version=217291', null, null, null, null, null);

-- 评论comment
INSERT INTO web.comment (content, date, user, head, name, topicid, id, introduce) VALUES ('b', '1000-01-01 00:00:00', 'a', null, null, 0, 100, null);
INSERT INTO web.comment (content, date, user, head, name, topicid, id, introduce) VALUES ('测试55011测试', '2023-10-16 00:00:00', '123456', 'null.png', '新用户BAE846', 9, 101, '123456');
INSERT INTO web.comment (content, date, user, head, name, topicid, id, introduce) VALUES ('测试31276测试', '2023-01-09 00:00:00', 'asd', 'null.png', 'asd', 12, 102, 'asdasd');
INSERT INTO web.comment (content, date, user, head, name, topicid, id, introduce) VALUES ('测试88860测试', '2023-03-14 00:00:00', '1322621134', 'null.jpg', '新用户19429E', 8, 103, null);
INSERT INTO web.comment (content, date, user, head, name, topicid, id, introduce) VALUES ('测试96078测试', '2023-06-19 00:00:00', 'qwe', 'qwe.jpg', 'qwenba', 4, 104, '我叫qwe，一个用户a');
INSERT INTO web.comment (content, date, user, head, name, topicid, id, introduce) VALUES ('测试80559测试', '2023-07-10 00:00:00', '123456', 'null.png', '新用户BAE846', 8, 105, '123456');
INSERT INTO web.comment (content, date, user, head, name, topicid, id, introduce) VALUES ('测试23484测试', '2022-12-22 00:00:00', 'asd', 'null.png', 'asd', 12, 106, 'asdasd');
INSERT INTO web.comment (content, date, user, head, name, topicid, id, introduce) VALUES ('测试98093测试', '2022-12-21 00:00:00', 'admin', 'admin.jpg', '管理员', 5, 107, '我是管理员!

aa');
INSERT INTO web.comment (content, date, user, head, name, topicid, id, introduce) VALUES ('测试1809测试', '2022-12-26 00:00:00', 'asd', 'null.png', 'asd', 1, 108, 'asdasd');
INSERT INTO web.comment (content, date, user, head, name, topicid, id, introduce) VALUES ('测试36300测试', '2023-02-01 00:00:00', 'qwe', 'qwe.jpg', 'qwenba', 10, 109, '我叫qwe，一个用户a');
INSERT INTO web.comment (content, date, user, head, name, topicid, id, introduce) VALUES ('测试72902测试', '2023-01-21 00:00:00', 'qwe', 'qwe.jpg', 'qwenba', 10, 110, '我叫qwe，一个用户a');
INSERT INTO web.comment (content, date, user, head, name, topicid, id, introduce) VALUES ('测试73703测试', '2023-08-23 00:00:00', 'admin', 'admin.jpg', '管理员', 5, 111, '我是管理员!

aa');
INSERT INTO web.comment (content, date, user, head, name, topicid, id, introduce) VALUES ('测试25598测试', '2023-05-03 00:00:00', '1322621134', 'null.jpg', '新用户19429E', 4, 112, null);
INSERT INTO web.comment (content, date, user, head, name, topicid, id, introduce) VALUES ('测试2850测试', '2023-11-02 00:00:00', 'asd', 'null.png', 'asd', 1, 113, 'asdasd');
INSERT INTO web.comment (content, date, user, head, name, topicid, id, introduce) VALUES ('测试65193测试', '2023-05-15 00:00:00', '1322621134', 'null.jpg', '新用户19429E', 5, 114, null);
INSERT INTO web.comment (content, date, user, head, name, topicid, id, introduce) VALUES ('测试10047测试', '2023-11-22 00:00:00', '123456', 'null.png', '新用户BAE846', 6, 115, '123456');
INSERT INTO web.comment (content, date, user, head, name, topicid, id, introduce) VALUES ('测试56526测试', '2023-07-17 00:00:00', 'asd', 'null.png', 'asd', 5, 116, 'asdasd');
INSERT INTO web.comment (content, date, user, head, name, topicid, id, introduce) VALUES ('测试74577测试', '2023-04-30 00:00:00', 'qwe', 'qwe.jpg', 'qwenba', 6, 117, '我叫qwe，一个用户a');
INSERT INTO web.comment (content, date, user, head, name, topicid, id, introduce) VALUES ('测试91449测试', '2022-12-23 00:00:00', 'qwe', 'qwe.jpg', 'qwenba', 11, 118, '我叫qwe，一个用户a');
INSERT INTO web.comment (content, date, user, head, name, topicid, id, introduce) VALUES ('测试54557测试', '2023-01-09 00:00:00', 'qwe', 'qwe.jpg', 'qwenba', 8, 119, '我叫qwe，一个用户a');
INSERT INTO web.comment (content, date, user, head, name, topicid, id, introduce) VALUES ('测试86346测试', '2023-06-04 00:00:00', '1322621134', 'null.jpg', '新用户19429E', 1, 120, null);
INSERT INTO web.comment (content, date, user, head, name, topicid, id, introduce) VALUES ('测试59947测试', '2022-12-19 00:00:00', '123456', 'null.png', '新用户BAE846', 6, 121, '123456');
INSERT INTO web.comment (content, date, user, head, name, topicid, id, introduce) VALUES ('测试60547测试', '2023-03-16 00:00:00', 'admin', 'admin.jpg', '管理员', 1, 122, '我是管理员!

aa');
INSERT INTO web.comment (content, date, user, head, name, topicid, id, introduce) VALUES ('测试5762测试', '2023-01-16 00:00:00', 'asd', 'null.png', 'asd', 4, 123, 'asdasd');
INSERT INTO web.comment (content, date, user, head, name, topicid, id, introduce) VALUES ('测试36123测试', '2022-12-22 00:00:00', 'asd', 'null.png', 'asd', 8, 124, 'asdasd');
INSERT INTO web.comment (content, date, user, head, name, topicid, id, introduce) VALUES ('测试16534测试', '2023-05-18 00:00:00', '123456', 'null.png', '新用户BAE846', 6, 125, '123456');
INSERT INTO web.comment (content, date, user, head, name, topicid, id, introduce) VALUES ('测试24463测试', '2023-04-22 00:00:00', 'asd', 'null.png', 'asd', 12, 126, 'asdasd');
INSERT INTO web.comment (content, date, user, head, name, topicid, id, introduce) VALUES ('测试83286测试', '2023-10-07 00:00:00', 'qwe', 'qwe.jpg', 'qwenba', 11, 127, '我叫qwe，一个用户a');
INSERT INTO web.comment (content, date, user, head, name, topicid, id, introduce) VALUES ('测试97721测试', '2023-04-03 00:00:00', 'qwe', 'qwe.jpg', 'qwenba', 10, 128, '我叫qwe，一个用户a');
INSERT INTO web.comment (content, date, user, head, name, topicid, id, introduce) VALUES ('测试73372测试', '2023-03-04 00:00:00', 'admin', 'admin.jpg', '管理员', 2, 129, '我是管理员!

aa');
INSERT INTO web.comment (content, date, user, head, name, topicid, id, introduce) VALUES ('测试78889测试', '2023-10-09 00:00:00', '123456', 'null.png', '新用户BAE846', 2, 130, '123456');
INSERT INTO web.comment (content, date, user, head, name, topicid, id, introduce) VALUES ('测试36620测试', '2023-05-27 00:00:00', 'admin', 'admin.jpg', '管理员', 2, 131, '我是管理员!

aa');
INSERT INTO web.comment (content, date, user, head, name, topicid, id, introduce) VALUES ('测试12223测试', '2023-01-11 00:00:00', '1322621134', 'null.jpg', '新用户19429E', 10, 132, null);
INSERT INTO web.comment (content, date, user, head, name, topicid, id, introduce) VALUES ('测试9155测试', '2023-08-12 00:00:00', 'asd', 'null.png', 'asd', 6, 133, 'asdasd');
INSERT INTO web.comment (content, date, user, head, name, topicid, id, introduce) VALUES ('测试58436测试', '2023-04-10 00:00:00', 'asd', 'null.png', 'asd', 3, 134, 'asdasd');
INSERT INTO web.comment (content, date, user, head, name, topicid, id, introduce) VALUES ('测试30503测试', '2023-07-19 00:00:00', 'qwe', 'qwe.jpg', 'qwenba', 10, 135, '我叫qwe，一个用户a');
INSERT INTO web.comment (content, date, user, head, name, topicid, id, introduce) VALUES ('测试18051测试', '2023-06-19 00:00:00', '123456', 'null.png', '新用户BAE846', 3, 136, '123456');
INSERT INTO web.comment (content, date, user, head, name, topicid, id, introduce) VALUES ('测试72902测试', '2023-02-03 00:00:00', 'asd', 'null.png', 'asd', 1, 137, 'asdasd');
INSERT INTO web.comment (content, date, user, head, name, topicid, id, introduce) VALUES ('测试79909测试', '2023-10-14 00:00:00', '123456', 'null.png', '新用户BAE846', 1, 138, '123456');
INSERT INTO web.comment (content, date, user, head, name, topicid, id, introduce) VALUES ('测试81226测试', '2023-03-18 00:00:00', 'asd', 'null.png', 'asd', 9, 139, 'asdasd');
INSERT INTO web.comment (content, date, user, head, name, topicid, id, introduce) VALUES ('测试35774测试', '2022-12-08 00:00:00', '123456', 'null.png', '新用户BAE846', 12, 140, '123456');
INSERT INTO web.comment (content, date, user, head, name, topicid, id, introduce) VALUES ('测试87534测试', '2023-11-04 00:00:00', 'qwe', 'qwe.jpg', 'qwenba', 7, 141, '我叫qwe，一个用户a');
INSERT INTO web.comment (content, date, user, head, name, topicid, id, introduce) VALUES ('测试5771测试', '2023-03-10 00:00:00', '123456', 'null.png', '新用户BAE846', 5, 142, '123456');
INSERT INTO web.comment (content, date, user, head, name, topicid, id, introduce) VALUES ('测试31653测试', '2023-05-18 00:00:00', 'asd', 'null.png', 'asd', 6, 143, 'asdasd');
INSERT INTO web.comment (content, date, user, head, name, topicid, id, introduce) VALUES ('测试3038测试', '2023-04-23 00:00:00', '123456', 'null.png', '新用户BAE846', 8, 144, '123456');
INSERT INTO web.comment (content, date, user, head, name, topicid, id, introduce) VALUES ('测试95955测试', '2023-04-15 00:00:00', '1322621134', 'null.jpg', '新用户19429E', 1, 145, null);
INSERT INTO web.comment (content, date, user, head, name, topicid, id, introduce) VALUES ('测试78955测试', '2022-12-04 00:00:00', 'admin', 'admin.jpg', '管理员', 11, 146, '我是管理员!

aa');
INSERT INTO web.comment (content, date, user, head, name, topicid, id, introduce) VALUES ('测试44729测试', '2023-02-12 00:00:00', '1322621134', 'null.jpg', '新用户19429E', 2, 147, null);
INSERT INTO web.comment (content, date, user, head, name, topicid, id, introduce) VALUES ('测试78664测试', '2023-07-13 00:00:00', 'qwe', 'qwe.jpg', 'qwenba', 11, 148, '我叫qwe，一个用户a');
INSERT INTO web.comment (content, date, user, head, name, topicid, id, introduce) VALUES ('测试36087测试', '2023-01-23 00:00:00', '123456', 'null.png', '新用户BAE846', 9, 149, '123456');
INSERT INTO web.comment (content, date, user, head, name, topicid, id, introduce) VALUES ('测试24523测试', '2023-09-25 00:00:00', 'qwe', 'qwe.jpg', 'qwenba', 1, 150, '我叫qwe，一个用户a');
INSERT INTO web.comment (content, date, user, head, name, topicid, id, introduce) VALUES ('测试36174测试', '2023-11-02 00:00:00', 'admin', 'admin.jpg', '管理员', 8, 151, '我是管理员!

aa');
INSERT INTO web.comment (content, date, user, head, name, topicid, id, introduce) VALUES ('测试30097测试', '2023-07-31 00:00:00', '123456', 'null.png', '新用户BAE846', 4, 152, '123456');
INSERT INTO web.comment (content, date, user, head, name, topicid, id, introduce) VALUES ('测试68399测试', '2023-11-03 00:00:00', 'qwe', 'qwe.jpg', 'qwenba', 3, 153, '我叫qwe，一个用户a');
INSERT INTO web.comment (content, date, user, head, name, topicid, id, introduce) VALUES ('测试21915测试', '2023-07-27 00:00:00', 'qwe', 'qwe.jpg', 'qwenba', 3, 154, '我叫qwe，一个用户a');
INSERT INTO web.comment (content, date, user, head, name, topicid, id, introduce) VALUES ('测试62367测试', '2023-09-19 00:00:00', 'qwe', 'qwe.jpg', 'qwenba', 12, 155, '我叫qwe，一个用户a');
INSERT INTO web.comment (content, date, user, head, name, topicid, id, introduce) VALUES ('测试87199测试', '2023-01-09 00:00:00', '1322621134', 'null.jpg', '新用户19429E', 7, 156, null);
INSERT INTO web.comment (content, date, user, head, name, topicid, id, introduce) VALUES ('测试44685测试', '2023-11-08 00:00:00', 'asd', 'null.png', 'asd', 3, 157, 'asdasd');
INSERT INTO web.comment (content, date, user, head, name, topicid, id, introduce) VALUES ('测试47906测试', '2023-04-06 00:00:00', '123456', 'null.png', '新用户BAE846', 7, 158, '123456');
INSERT INTO web.comment (content, date, user, head, name, topicid, id, introduce) VALUES ('测试79088测试', '2023-11-23 00:00:00', 'asd', 'null.png', 'asd', 6, 159, 'asdasd');
INSERT INTO web.comment (content, date, user, head, name, topicid, id, introduce) VALUES ('测试31281测试', '2023-09-01 00:00:00', 'asd', 'null.png', 'asd', 6, 160, 'asdasd');
INSERT INTO web.comment (content, date, user, head, name, topicid, id, introduce) VALUES ('测试60615测试', '2023-10-17 00:00:00', 'admin', 'admin.jpg', '管理员', 10, 161, '我是管理员!

aa');
INSERT INTO web.comment (content, date, user, head, name, topicid, id, introduce) VALUES ('测试21193测试', '2023-04-12 00:00:00', '1322621134', 'null.jpg', '新用户19429E', 9, 162, null);
INSERT INTO web.comment (content, date, user, head, name, topicid, id, introduce) VALUES ('测试50767测试', '2023-04-13 00:00:00', 'qwe', 'qwe.jpg', 'qwenba', 9, 163, '我叫qwe，一个用户a');
INSERT INTO web.comment (content, date, user, head, name, topicid, id, introduce) VALUES ('测试56383测试', '2023-06-02 00:00:00', '123456', 'null.png', '新用户BAE846', 1, 164, '123456');
INSERT INTO web.comment (content, date, user, head, name, topicid, id, introduce) VALUES ('测试54341测试', '2023-07-10 00:00:00', '123456', 'null.png', '新用户BAE846', 12, 165, '123456');
INSERT INTO web.comment (content, date, user, head, name, topicid, id, introduce) VALUES ('测试98515测试', '2023-05-17 00:00:00', 'admin', 'admin.jpg', '管理员', 6, 166, '我是管理员!

aa');
INSERT INTO web.comment (content, date, user, head, name, topicid, id, introduce) VALUES ('测试76276测试', '2023-01-13 00:00:00', 'qwe', 'qwe.jpg', 'qwenba', 10, 167, '我叫qwe，一个用户a');
INSERT INTO web.comment (content, date, user, head, name, topicid, id, introduce) VALUES ('测试46905测试', '2023-11-18 00:00:00', '123456', 'null.png', '新用户BAE846', 11, 168, '123456');
INSERT INTO web.comment (content, date, user, head, name, topicid, id, introduce) VALUES ('测试84865测试', '2023-05-19 00:00:00', '1322621134', 'null.jpg', '新用户19429E', 4, 169, null);
INSERT INTO web.comment (content, date, user, head, name, topicid, id, introduce) VALUES ('测试89397测试', '2023-01-18 00:00:00', 'asd', 'null.png', 'asd', 2, 170, 'asdasd');
INSERT INTO web.comment (content, date, user, head, name, topicid, id, introduce) VALUES ('测试31412测试', '2023-10-09 00:00:00', 'qwe', 'qwe.jpg', 'qwenba', 10, 171, '我叫qwe，一个用户a');
INSERT INTO web.comment (content, date, user, head, name, topicid, id, introduce) VALUES ('测试9991测试', '2023-06-07 00:00:00', 'asd', 'null.png', 'asd', 1, 172, 'asdasd');
INSERT INTO web.comment (content, date, user, head, name, topicid, id, introduce) VALUES ('测试55217测试', '2023-07-14 00:00:00', 'qwe', 'qwe.jpg', 'qwenba', 10, 173, '我叫qwe，一个用户a');
INSERT INTO web.comment (content, date, user, head, name, topicid, id, introduce) VALUES ('测试26147测试', '2023-02-21 00:00:00', 'admin', 'admin.jpg', '管理员', 12, 174, '我是管理员!

aa');
INSERT INTO web.comment (content, date, user, head, name, topicid, id, introduce) VALUES ('测试31391测试', '2023-04-04 00:00:00', '123456', 'null.png', '新用户BAE846', 12, 175, '123456');
INSERT INTO web.comment (content, date, user, head, name, topicid, id, introduce) VALUES ('测试70739测试', '2023-01-23 00:00:00', 'qwe', 'qwe.jpg', 'qwenba', 2, 176, '我叫qwe，一个用户a');
INSERT INTO web.comment (content, date, user, head, name, topicid, id, introduce) VALUES ('测试96577测试', '2023-10-21 00:00:00', 'admin', 'admin.jpg', '管理员', 10, 177, '我是管理员!

aa');
INSERT INTO web.comment (content, date, user, head, name, topicid, id, introduce) VALUES ('测试37239测试', '2023-06-22 00:00:00', 'qwe', 'qwe.jpg', 'qwenba', 10, 178, '我叫qwe，一个用户a');
INSERT INTO web.comment (content, date, user, head, name, topicid, id, introduce) VALUES ('测试16633测试', '2023-02-02 00:00:00', 'admin', 'admin.jpg', '管理员', 5, 179, '我是管理员!

aa');
INSERT INTO web.comment (content, date, user, head, name, topicid, id, introduce) VALUES ('测试76535测试', '2023-06-08 00:00:00', 'qwe', 'qwe.jpg', 'qwenba', 12, 180, '我叫qwe，一个用户a');
INSERT INTO web.comment (content, date, user, head, name, topicid, id, introduce) VALUES ('测试95889测试', '2023-08-27 00:00:00', 'admin', 'admin.jpg', '管理员', 10, 181, '我是管理员!

aa');
INSERT INTO web.comment (content, date, user, head, name, topicid, id, introduce) VALUES ('测试26767测试', '2023-06-22 00:00:00', 'admin', 'admin.jpg', '管理员', 1, 182, '我是管理员!

aa');
INSERT INTO web.comment (content, date, user, head, name, topicid, id, introduce) VALUES ('测试43517测试', '2022-12-31 00:00:00', 'qwe', 'qwe.jpg', 'qwenba', 6, 183, '我叫qwe，一个用户a');
INSERT INTO web.comment (content, date, user, head, name, topicid, id, introduce) VALUES ('测试26382测试', '2023-04-16 00:00:00', 'qwe', 'qwe.jpg', 'qwenba', 10, 184, '我叫qwe，一个用户a');
INSERT INTO web.comment (content, date, user, head, name, topicid, id, introduce) VALUES ('测试11188测试', '2023-07-04 00:00:00', 'admin', 'admin.jpg', '管理员', 6, 185, '我是管理员!

aa');
INSERT INTO web.comment (content, date, user, head, name, topicid, id, introduce) VALUES ('测试62132测试', '2023-03-08 00:00:00', 'admin', 'admin.jpg', '管理员', 8, 186, '我是管理员!

aa');
INSERT INTO web.comment (content, date, user, head, name, topicid, id, introduce) VALUES ('测试91875测试', '2023-04-04 00:00:00', 'asd', 'null.png', 'asd', 7, 187, 'asdasd');
INSERT INTO web.comment (content, date, user, head, name, topicid, id, introduce) VALUES ('测试13516测试', '2023-05-19 00:00:00', 'qwe', 'qwe.jpg', 'qwenba', 10, 188, '我叫qwe，一个用户a');
INSERT INTO web.comment (content, date, user, head, name, topicid, id, introduce) VALUES ('测试35790测试', '2023-01-07 00:00:00', 'qwe', 'qwe.jpg', 'qwenba', 9, 189, '我叫qwe，一个用户a');
INSERT INTO web.comment (content, date, user, head, name, topicid, id, introduce) VALUES ('测试69718测试', '2023-05-18 00:00:00', '1322621134', 'null.jpg', '新用户19429E', 12, 190, null);
INSERT INTO web.comment (content, date, user, head, name, topicid, id, introduce) VALUES ('测试51265测试', '2023-10-04 00:00:00', '123456', 'null.png', '新用户BAE846', 3, 191, '123456');
INSERT INTO web.comment (content, date, user, head, name, topicid, id, introduce) VALUES ('测试82590测试', '2023-10-05 00:00:00', '1322621134', 'null.jpg', '新用户19429E', 3, 192, null);
INSERT INTO web.comment (content, date, user, head, name, topicid, id, introduce) VALUES ('测试16348测试', '2023-04-16 00:00:00', 'admin', 'admin.jpg', '管理员', 8, 193, '我是管理员!

aa');
INSERT INTO web.comment (content, date, user, head, name, topicid, id, introduce) VALUES ('测试94782测试', '2023-07-02 00:00:00', '123456', 'null.png', '新用户BAE846', 8, 194, '123456');
INSERT INTO web.comment (content, date, user, head, name, topicid, id, introduce) VALUES ('测试46611测试', '2023-10-20 00:00:00', '123456', 'null.png', '新用户BAE846', 12, 195, '123456');
INSERT INTO web.comment (content, date, user, head, name, topicid, id, introduce) VALUES ('测试10967测试', '2023-07-18 00:00:00', '123456', 'null.png', '新用户BAE846', 4, 196, '123456');
INSERT INTO web.comment (content, date, user, head, name, topicid, id, introduce) VALUES ('测试27817测试', '2023-03-16 00:00:00', '123456', 'null.png', '新用户BAE846', 2, 197, '123456');
INSERT INTO web.comment (content, date, user, head, name, topicid, id, introduce) VALUES ('测试84522测试', '2023-03-17 00:00:00', '1322621134', 'null.jpg', '新用户19429E', 8, 198, null);
INSERT INTO web.comment (content, date, user, head, name, topicid, id, introduce) VALUES ('测试82294测试', '2023-08-14 00:00:00', '123456', 'null.png', '新用户BAE846', 10, 199, '123456');
INSERT INTO web.comment (content, date, user, head, name, topicid, id, introduce) VALUES ('测试3706测试', '2023-04-25 00:00:00', 'asd', 'null.png', 'asd', 4, 200, 'asdasd');
-- 点赞表数据
INSERT INTO web.good (id, good, user, topicid, date) VALUES (3, 1, 'admin', 2, '2023-08-29');
INSERT INTO web.good (id, good, user, topicid, date) VALUES (4, 2, 'admin', 3, '2023-08-29');
INSERT INTO web.good (id, good, user, topicid, date) VALUES (6, 2, 'admin', 5, '2023-08-29');
INSERT INTO web.good (id, good, user, topicid, date) VALUES (7, 2, 'admin', 9, '2023-08-29');
INSERT INTO web.good (id, good, user, topicid, date) VALUES (8, 1, 'admin', 11, '2023-08-29');
INSERT INTO web.good (id, good, user, topicid, date) VALUES (9, 1, 'asd', 1, '2023-08-29');
INSERT INTO web.good (id, good, user, topicid, date) VALUES (10, 1, 'asd', 2, '2023-08-29');
INSERT INTO web.good (id, good, user, topicid, date) VALUES (11, 1, 'asd', 3, '2023-08-29');
INSERT INTO web.good (id, good, user, topicid, date) VALUES (12, 2, 'asd', 4, '2023-08-29');
INSERT INTO web.good (id, good, user, topicid, date) VALUES (13, 1, 'asd', 8, '2023-08-29');
INSERT INTO web.good (id, good, user, topicid, date) VALUES (14, 2, 'asd', 11, '2023-08-29');
INSERT INTO web.good (id, good, user, topicid, date) VALUES (15, 1, 'asd', 9, '2023-08-29');
INSERT INTO web.good (id, good, user, topicid, date) VALUES (16, 1, 'qwe', 1, '2023-08-29');
INSERT INTO web.good (id, good, user, topicid, date) VALUES (17, 2, 'qwe', 2, '2023-08-29');
INSERT INTO web.good (id, good, user, topicid, date) VALUES (18, 1, 'qwe', 3, '2023-08-29');
INSERT INTO web.good (id, good, user, topicid, date) VALUES (19, 2, 'qwe', 5, '2023-08-29');
INSERT INTO web.good (id, good, user, topicid, date) VALUES (20, 2, 'qwe', 8, '2023-08-29');
INSERT INTO web.good (id, good, user, topicid, date) VALUES (21, 1, 'qwe', 10, '2023-08-29');
INSERT INTO web.good (id, good, user, topicid, date) VALUES (22, 1, 'qwe', 11, '2023-08-29');
INSERT INTO web.good (id, good, user, topicid, date) VALUES (23, 1, 'admin', 1, '2023-08-29');
INSERT INTO web.good (id, good, user, topicid, date) VALUES (24, 1, 'admin', 4, '2023-09-19');


# 签到表数据
INSERT INTO web.sign_in (id, user, date, comment, name) VALUES (1, 'admin', '2023-09-29 00:00:00', '1', '管理员');
INSERT INTO web.sign_in (id, user, date, comment, name) VALUES (2, 'admin', '2023-09-30 15:34:55', '获得经验154点', '管理员');
